,1
1,噲 
2,媢 
3,媢嫉 
4,忺 
5,爱 
6,爱不忍释 
7,爱不释手 
8,爱宠 
9,爱戴 
10,爱抚 
11,爱好 
12,爱护 
13,爱怜 
14,爱恋 
15,爱慕 
16,爱上 
17,爱屋及乌 
18,爱惜 
19,安 
20,昂扬 
21,巴 
22,巴不得 
23,巴望 
24,摆好 
25,拜 
26,拜拜 
27,拜服 
28,拜贺 
29,拜谒 
30,褒 
31,褒奖 
32,褒扬 
33,睎 
34,表扬 
35,表彰 
36,并重 
37,补台 
38,不看僧面看佛面 
39,不愧 
40,不胜欣忭 
41,不惜 
42,不厌 
43,睬 
44,采纳 
45,参拜 
46,参谒 
47,侧重 
48,馋 
49,畅快 
50,唱喏 
51,倡 
52,朝拜 
53,朝思暮想 
54,撑台面 
55,撑腰 
56,称 
57,称道 
58,称快 
59,称赏 
60,称颂 
61,称叹 
62,称羡 
63,称谢 
64,称心 
65,称心如意 
66,称心如愿 
67,称许 
68,称誉 
69,称愿 
70,称赞 
71,承 
72,承蒙 
73,承情 
74,承望 
75,承应 
76,骋怀 
77,吃醋 
78,痴 
79,痴恋 
80,痴迷 
81,痴情 
82,痴心不改 
83,痴心妄想 
84,驰念 
85,驰思 
86,崇 
87,崇拜 
88,崇敬 
89,崇尚 
90,崇仰 
91,宠 
92,宠爱 
93,宠幸 
94,酬谢 
95,踌躇满志 
96,出迎 
97,垂爱 
98,垂念 
99,垂青 
100,垂涎 
101,垂涎三尺 
102,垂涎欲滴 
103,春风得意 
104,春风满面 
105,醋意大发 
106,措意 
107,答礼 
108,答谢 
109,答应 
110,打千 
111,大快人心 
112,大喜过望 
113,戴 
114,胆敢 
115,弹冠相庆 
116,当真 
117,当之无愧 
118,倒向 
119,道贺 
120,道谢 
121,得意 
122,得意忘形 
123,点头 
124,点头称是 
125,点头哈腰 
126,电贺 
127,奠祭 
128,吊祭 
129,盯紧 
130,盯住 
131,顶礼 
132,顶礼膜拜 
133,抖 
134,睹物思人 
135,妒 
136,妒恨 
137,妒火中烧 
138,妒嫉 
139,妒忌 
140,妒羡 
141,多留个心眼儿 
142,堕入爱河 
143,堕入情网 
144,额手称庆 
145,反哺 
146,放胆 
147,放在心上 
148,费心 
149,封禅 
150,疯魔 
151,奉 
152,奉若神明 
153,奉迎 
154,俯允 
155,甘 
156,甘心 
157,甘心情愿 
158,甘愿 
159,感 
160,感恩 
161,感恩戴德 
162,感激 
163,感激不尽 
164,感激涕零 
165,感同身受 
166,感谢 
167,感兴趣 
168,敢 
169,高看 
170,高山仰止 
171,高兴 
172,歌颂 
173,给 ... 留面子 
174,给脸 
175,给面子 
176,恭而敬之 
177,恭贺 
178,恭敬 
179,恭维 
180,恭喜 
181,恭祝 
182,供奉 
183,公祭 
184,拱手 
185,顾 
186,顾及 
187,顾盼自雄 
188,顾全 
189,顾惜 
190,挂牵 
191,关爱 
192,关怀 
193,关怀备至 
194,关切 
195,关心 
196,关照 
197,关注 
198,管 
199,贯注 
200,鬼迷心窍 
201,跪拜 
202,跪叩 
203,过 
204,过奖 
205,过问 
206,过誉 
207,哈 
208,酣畅 
209,豪情满怀 
210,好 
211,好奇 
212,好情 
213,喝彩 
214,合掌 
215,贺 
216,狠抓 
217,恨不得 
218,恨不能 
219,横心 
220,厚望 
221,怀 
222,怀恋 
223,怀念 
224,怀想 
225,欢 
226,欢畅 
227,欢欢喜喜 
228,欢快 
229,欢乐 
230,欢闹 
231,欢声雷动 
232,欢腾 
233,欢天喜地 
234,欢慰 
235,欢喜 
236,欢欣 
237,欢欣鼓舞 
238,欢迎 
239,欢愉 
240,欢娱 
241,欢悦 
242,欢忭 
243,还礼 
244,回敬 
245,回礼 
246,魂牵梦系 
247,魂牵梦萦 
248,豁朗 
249,稽首 
250,极热心 
251,集中 
252,集注 
253,嫉 
254,嫉妒 
255,冀 
256,冀求 
257,冀望 
258,祭 
259,祭拜 
260,祭奠 
261,祭扫 
262,祭祀 
263,记挂 
264,忌 
265,忌妒 
266,嘉 
267,嘉奖 
268,嘉许 
269,夹道欢迎 
270,兼顾 
271,检点 
272,见爱 
273,见义勇为 
274,奖 
275,奖励 
276,奖赏 
277,奖掖 
278,讲究 
279,讲求 
280,交口称誉 
281,交口称赞 
282,叫好 
283,叫绝 
284,接受 
285,皆大欢喜 
286,尽 
287,尽孝 
288,尽忠 
289,惊喜 
290,景仰 
291,敬 
292,敬爱 
293,敬奉 
294,敬服 
295,敬贺 
296,敬礼 
297,敬慕 
298,敬佩 
299,敬若神明 
300,敬畏 
301,敬仰 
302,敬重 
303,敬祝 
304,竟敢 
305,鞠躬 
306,聚焦 
307,聚精会神 
308,眷爱 
309,眷恋 
310,眷念 
311,开绿灯 
312,开心 
313,看车 
314,看得起 
315,看得上 
316,看得上眼 
317,看上 
318,看上眼 
319,看在 
320,看中 
321,看重 
322,考究 
323,磕头 
324,渴慕 
325,渴念 
326,渴盼 
327,渴求 
328,渴望 
329,渴想 
330,肯 
331,肯定 
332,肯于 
333,口角春风 
334,酷爱 
335,酷好 
336,夸 
337,夸奖 
338,夸赞 
339,快 
340,快活 
341,快乐 
342,快慰 
343,快意 
344,宽畅 
345,宽松 
346,狂喜 
347,狂想 
348,来神 
349,乐 
350,乐不可支 
351,乐颠颠 
352,乐呵呵 
353,乐乐呵呵 
354,乐陶陶 
355,乐意 
356,乐悠悠 
357,乐于 
358,乐滋滋 
359,理会 
360,理直气壮 
361,礼赞 
362,立项 
363,力主 
364,怜爱 
365,恋 
366,恋爱 
367,恋恋不舍 
368,领情 
369,留个心眼儿 
370,留神 
371,留心 
372,留意 
373,论功行赏 
374,买账 
375,满 
376,满怀豪情 
377,满怀激情 
378,满面春风 
379,满心欢喜 
380,满意 
381,满足 
382,眉飞色舞 
383,美 
384,美言 
385,美滋滋 
386,梦魂萦绕 
387,梦寐以求 
388,梦想 
389,迷 
390,迷恋 
391,迷上 
392,面有喜色 
393,鸣谢 
394,谬奖 
395,膜拜 
396,默认 
397,默许 
398,慕 
399,慕名 
400,溺爱 
401,念 
402,拍案叫绝 
403,拍手称快 
404,拍手叫好 
405,盼 
406,盼念 
407,盼望 
408,佩 
409,佩服 
410,捧场 
411,批准 
412,偏爱 
413,偏宠 
414,偏好 
415,偏重 
416,飘飘然 
417,飘飘欲仙 
418,迫切需要 
419,普天同庆 
420,期 
421,期待 
422,期盼 
423,期望 
424,祈盼 
425,起敬 
426,企 
427,企慕 
428,企盼 
429,企望 
430,器重 
431,牵肠挂肚 
432,牵挂 
433,千恩万谢 
434,敲边鼓 
435,瞧得起 
436,瞧得上眼 
437,翘盼 
438,翘企 
439,翘望 
440,钦 
441,钦佩 
442,亲热 
443,亲热亲热 
444,轻快 
445,倾慕 
446,倾向 
447,倾心 
448,情有独钟 
449,情愿 
450,庆 
451,庆贺 
452,庆幸 
453,庆祝 
454,圈定 
455,饶有兴趣 
456,热心 
457,人心大快 
458,认 
459,认可 
460,认了 
461,认命 
462,日有所思 
463,融融 
464,容 
465,容许 
466,如痴如狂 
467,如痴如醉 
468,如获至宝 
469,如意 
470,如愿以偿 
471,如醉如痴 
472,入迷 
473,入魔 
474,入神 
475,赏 
476,赏识 
477,赏赉 
478,尚 
479,烧高香 
480,奢望 
481,申谢 
482,伸张 
483,神魂颠倒 
484,神往 
485,甚感欢慰 
486,盛赞 
487,施礼 
488,十分满意 
489,示好 
490,示同意 
491,示喜 
492,释放善意 
493,手舞足蹈 
494,首肯 
495,守候 
496,守岁 
497,舒畅 
498,舒服 
499,舒坦 
500,属望 
501,属意 
502,树碑立传 
503,爽 
504,爽快 
505,爽心 
506,爽怡 
507,说好话 
508,说妥 
509,说项 
510,思 
511,思恋 
512,思慕 
513,思念 
514,松心 
515,颂 
516,颂扬 
517,颂赞 
518,送往迎来 
519,随心 
520,遂心 
521,遂意 
522,抬爱 
523,抬举 
524,贪 
525,贪恋 
526,贪图 
527,叹 
528,叹服 
529,叹赏 
530,叹为观止 
531,叹羡 
532,陶然 
533,陶陶 
534,陶醉 
535,特许 
536,疼 
537,疼爱 
538,疼惜 
539,提倡 
540,甜丝丝 
541,甜滋滋 
542,挑三拣四 
543,挑眼 
544,通过 
545,通融 
546,同意 
547,吐口 
548,吐气扬眉 
549,推 
550,推崇 
551,推戴 
552,推许 
553,推重 
554,推尊 
555,望 
556,望眼欲穿 
557,忘乎所以 
558,妄想 
559,维护 
560,畏 
561,温存 
562,问心无愧 
563,无愧 
564,嘻嘻哈哈 
565,稀罕 
566,希 
567,希罕 
568,希冀 
569,希图 
570,希望 
571,惜 
572,喜 
573,喜爱 
574,喜不自禁 
575,喜不自胜 
576,喜冲冲 
577,喜出望外 
578,喜好 
579,喜欢 
580,喜乐 
581,喜眉笑眼 
582,喜气洋洋 
583,喜上眉梢 
584,喜上心头 
585,喜兴 
586,喜形于色 
587,喜幸 
588,喜洋洋 
589,喜吟吟 
590,喜盈盈 
591,喜悦 
592,喜滋滋 
593,喜孜孜 
594,显扬 
595,羡 
596,羡慕 
597,相中 
598,想 
599,想念 
600,想望 
601,向 
602,向 ... 倾斜 
603,向往 
604,向着 
605,销魂 
606,消魂 
607,孝敬 
608,孝顺 
609,写意 
610,谢 
611,谢天谢地 
612,谢谢 
613,欣 
614,欣赏 
615,欣慰 
616,欣喜 
617,欣喜若狂 
618,欣羡 
619,欣幸 
620,忻 
621,心驰神往 
622,心荡神驰 
623,心甘 
624,心甘情愿 
625,心花怒放 
626,心旷神怡 
627,心满意足 
628,心疼 
629,心向 
630,心醉 
631,兴高采烈 
632,行礼 
633,需 
634,需要 
635,许 
636,许可 
637,轩然 
638,悬红 
639,悬赏 
640,眼馋 
641,眼红 
642,眼热 
643,艳羡 
644,扬眉吐气 
645,扬扬 
646,扬扬得意 
647,扬扬自得 
648,洋洋得意 
649,洋洋自得 
650,仰 
651,仰慕 
652,摇头摆尾 
653,摇头晃脑 
654,要 
655,夜有所梦 
656,一往情深 
657,揖 
658,依依不舍 
659,依允 
660,以期 
661,以求 
662,意欲 
663,溢美 
664,引颈企待 
665,引领 
666,应 
667,应承 
668,应下 
669,应许 
670,应允 
671,应准 
672,迎 
673,迎候 
674,迎接 
675,迎来 
676,迎迓 
677,拥 
678,拥戴 
679,拥护 
680,咏赞 
681,用 
682,用心良苦 
683,有心 
684,有意 
685,俞允 
686,愉 
687,愉快 
688,愉悦 
689,欲 
690,誉 
691,愿 
692,愿意 
693,跃跃欲试 
694,悦 
695,悦服 
696,允 
697,允许 
698,允准 
699,在乎 
700,在心 
701,在意 
702,赞 
703,赞成 
704,赞服 
705,赞美 
706,赞慕 
707,赞佩 
708,赞赏 
709,赞颂 
710,赞叹 
711,赞同 
712,赞羡 
713,赞许 
714,赞扬 
715,赞誉 
716,沾沾自喜 
717,照准 
718,折服 
719,珍 
720,珍爱 
721,珍视 
722,珍惜 
723,珍重 
724,正中下怀 
725,支持 
726,知冷知热 
727,知冷着热 
728,知足 
729,指靠 
730,指望 
731,志愿 
732,挚爱 
733,致贺 
734,致敬 
735,致谢 
736,中意 
737,钟 
738,钟爱 
739,钟情 
740,重 
741,重视 
742,重在 
743,瞩目 
744,瞩望 
745,主持 
746,注 
747,注意 
748,注重 
749,祝 
750,祝福 
751,祝贺 
752,祝颂 
753,祝愿 
754,抓 
755,抓紧 
756,准 
757,准许 
758,准予 
759,着迷 
760,着想 
761,着眼 
762,着眼于 
763,自得 
764,自得其乐 
765,自告奋勇 
766,自满 
767,自鸣得意 
768,自认 
769,自愿 
770,自足 
771,宗仰 
772,醉心 
773,尊 
774,尊崇 
775,尊敬 
776,尊重 
777,傧 
778,佥同 
779,跂望 
780,讴歌 
781,谒 
782,哿 
783,埽 
784,萦念 
785,揄扬 
786,叩 
787,叩拜 
788,叩首 
789,叩头 
790,哙 
791,啧啧称羡 
792,啧啧称赞 
793,喁 
794,嗟 
795,醊 
796,徼 
797,夤 
798,饫 
799,廑 
800,忮 
801,忭 
802,忭跃 
803,怏然自足 
804,怿 
805,怡然自得 
806,恺 
807,悚 
808,惬 
809,惬意 
810,慊 
811,憧憬 
812,迓 
813,嬖 
814,绻 
815,觊 
816,觊觎 
817,犒 
818,犒劳 
819,犒赏 
820,胪 
821,歆 
822,歆慕 
823,歆羡 
824,祀 
825,祗 
826,眄 
827,顒 
828,锺 
829,鹄望 
830,翊戴 
831,裣衽 
832,酹 
833,雩 
834,傒倖 
835,忷 
836,恟 
837,懆懆 
838,搥胸顿足 
839,哀 
840,哀哀切切 
841,哀愁 
842,哀怜 
843,哀悯 
844,哀戚 
845,哀凄 
846,哀切 
847,哀伤 
848,哀痛 
849,哀痛欲绝 
850,哀怨 
851,哀恸 
852,哀矜 
853,傲视 
854,懊 
855,懊恨 
856,懊悔 
857,懊恼 
858,懊丧 
859,百无聊赖 
860,败兴 
861,板脸 
862,板面孔 
863,板起脸 
864,板着脸 
865,板着面孔 
866,半信半疑 
867,睖睁 
868,薄 
869,抱不平 
870,抱憾 
871,抱憾终身 
872,抱恨 
873,抱恨终生 
874,抱恨终天 
875,抱疚 
876,抱愧 
877,抱歉 
878,抱怨 
879,暴跳 
880,暴跳如雷 
881,杯弓蛇影 
882,悲 
883,悲哀 
884,悲愁 
885,悲观失望 
886,悲悯 
887,悲戚 
888,悲凄 
889,悲切 
890,悲切切 
891,悲伤 
892,悲酸 
893,悲天悯人 
894,悲痛 
895,悲痛欲绝 
896,悲怆 
897,悲恸 
898,悲恻 
899,背包袱 
900,绷 
901,绷脸 
902,绷着脸 
903,鼻酸 
904,鄙 
905,鄙薄 
906,鄙贱 
907,鄙弃 
908,鄙视 
909,鄙夷 
910,鞭挞 
911,贬斥 
912,变脸 
913,变色 
914,变心 
915,表示坏情感 
916,憋 
917,憋得慌 
918,憋闷 
919,憋气 
920,憋屈 
921,憋着一肚子气 
922,勃然大怒 
923,驳难 
924,驳议 
925,不待见 
926,不甘 
927,不甘心 
928,不顾 
929,不过意 
930,不寒而栗 
931,不好过 
932,不好意思 
933,不快 
934,不落忍 
935,不满 
936,不满意 
937,不满足 
938,不念旧恶 
939,不平 
940,不容 
941,不是味儿 
942,不是滋味 
943,不是滋味儿 
944,不爽 
945,不死心 
946,不同意 
947,不闻不问 
948,不屑 
949,不屑一顾 
950,不屑于 
951,不以为然 
952,不愿 
953,不愿意 
954,不悦 
955,不赞成 
956,不赞同 
957,不忠 
958,不忠诚 
959,怖 
960,猜忌 
961,猜嫌 
962,猜疑 
963,惭 
964,惭惶 
965,惭愧 
966,惨痛 
967,仓皇失措 
968,藏奸 
969,操心 
970,诧 
971,诧异 
972,诧愕 
973,嘲骂 
974,嘲谑 
975,沉闷 
976,沉痛 
977,沉吟 
978,沉郁 
979,沉重 
980,诚惶诚恐 
981,吃不准 
982,吃错药 
983,吃后悔药 
984,痴愣 
985,持异议 
986,迟疑 
987,迟疑不决 
988,耻骂 
989,斥 
990,斥骂 
991,斥责 
992,踌躇 
993,踌躇不决 
994,踌躇不前 
995,愁 
996,愁惨 
997,愁肠百结 
998,愁眉不展 
999,愁眉紧锁 
1000,愁眉苦脸 
1001,愁眉锁眼 
1002,愁闷 
1003,愁容满面 
1004,仇恨 
1005,仇视 
1006,臭骂 
1007,出气 
1008,出神 
1009,吹胡子瞪眼 
1010,捶胸顿足 
1011,垂怜 
1012,垂头丧气 
1013,戳壁脚 
1014,戳脊梁骨 
1015,刺打 
1016,蹿火 
1017,错愕 
1018,打骂 
1019,打入冷宫 
1020,打入十八层地狱 
1021,打问号 
1022,打怵 
1023,打憷 
1024,大吃一惊 
1025,大跌眼镜 
1026,大动肝火 
1027,大发雷霆 
1028,大惊失色 
1029,大骂 
1030,大失所望 
1031,呆 
1032,呆若木鸡 
1033,呆怔 
1034,呆滞 
1035,呆住 
1036,呆愣愣 
1037,贷 
1038,担惊受怕 
1039,担心 
1040,担忧 
1041,胆颤心惊 
1042,胆寒 
1043,胆战心惊 
1044,惮 
1045,当紧 
1046,当头棒喝 
1047,得饶人处且饶人 
1048,等不及 
1049,等闲视之 
1050,瞪眼 
1051,低沉 
1052,低落 
1053,敌视 
1054,惦 
1055,惦挂 
1056,惦记 
1057,惦念 
1058,掉魂 
1059,掉以轻心 
1060,跌眼镜 
1061,动肝火 
1062,动火 
1063,动怒 
1064,动气 
1065,动摇 
1066,恫 
1067,斗 
1068,斗争 
1069,堵 
1070,堵得慌 
1071,堵心 
1072,断肠 
1073,断魂 
1074,顿生疑窦 
1075,顿足捶胸 
1076,多虑 
1077,多有微词 
1078,恶 
1079,恶骂 
1080,扼腕 
1081,耳热 
1082,发愁 
1083,发呆 
1084,发狠 
1085,发火 
1086,发急 
1087,发牢骚 
1088,发毛 
1089,发怒 
1090,发脾气 
1091,发怔 
1092,发指 
1093,发作 
1094,发怵 
1095,发愣 
1096,发憷 
1097,发飙 
1098,翻然悔悟 
1099,烦 
1100,烦愁 
1101,烦闷 
1102,烦恼 
1103,烦腻 
1104,烦扰 
1105,烦神 
1106,烦厌 
1107,烦忧 
1108,烦躁 
1109,反唇相讥 
1110,反感 
1111,犯愁 
1112,犯急 
1113,犯难 
1114,犯疑心病 
1115,犯怵 
1116,犯憷 
1117,非常悲哀 
1118,非难 
1119,非议 
1120,费精神 
1121,费神 
1122,忿忿 
1123,忿忿不平 
1124,忿忿然 
1125,忿恨 
1126,忿怒 
1127,忿恚 
1128,忿懑 
1129,愤愤 
1130,愤愤不平 
1131,愤愤然 
1132,愤恨 
1133,愤怒 
1134,愤世嫉俗 
1135,愤懑 
1136,讽 
1137,讽刺 
1138,付之一笑 
1139,负疚 
1140,负气 
1141,肝肠寸断 
1142,感伤 
1143,给 ... 当头棒喝 
1144,给 ... 一点颜色看看 
1145,攻击 
1146,骨鲠在喉 
1147,顾忌 
1148,顾虑 
1149,顾虑重重 
1150,顾念 
1151,寡欢 
1152,挂 
1153,挂怀 
1154,挂火 
1155,挂记 
1156,挂虑 
1157,挂念 
1158,挂牵 
1159,挂心 
1160,怪 
1161,怪罪 
1162,光火 
1163,过不去 
1164,过分操心 
1165,过虑 
1166,过意不去 
1167,害怕 
1168,害羞 
1169,害臊 
1170,骇 
1171,骇怪 
1172,骇惧 
1173,骇怕 
1174,骇然失色 
1175,骇异 
1176,骇愕 
1177,含悲 
1178,含愤 
1179,含恨 
1180,含怒 
1181,含沙射影 
1182,含羞 
1183,含怨 
1184,涵容 
1185,寒 
1186,寒心 
1187,憾 
1188,悍然不顾 
1189,汗颜 
1190,毫不在乎 
1191,呵 
1192,呵斥 
1193,呵责 
1194,呵叱 
1195,喝斥 
1196,喝叱 
1197,恨 
1198,恨入骨髓 
1199,恨铁不成钢 
1200,恨之入骨 
1201,红脸 
1202,红眼 
1203,猴儿急 
1204,后顾之忧 
1205,后悔 
1206,后悔莫及 
1207,后怕 
1208,忽略 
1209,忽视 
1210,狐疑不决 
1211,虎着脸 
1212,怀恨 
1213,怀恨在心 
1214,怀疑 
1215,坏情 
1216,患 
1217,荒 
1218,荒废 
1219,慌恐 
1220,皇皇 
1221,惶 
1222,惶惶 
1223,惶惶不安 
1224,惶惶不可终日 
1225,惶惶然 
1226,惶惑 
1227,惶惧 
1228,惶恐 
1229,惶恐不安 
1230,惶然 
1231,惶然不安 
1232,惶悚 
1233,惶遽 
1234,灰溜溜 
1235,灰头灰脸 
1236,灰头土脸 
1237,灰心 
1238,灰心丧气 
1239,回头 
1240,悔 
1241,悔不当初 
1242,悔不该 
1243,悔恨 
1244,悔悟 
1245,悔之不及 
1246,悔之晚矣 
1247,悔之无及 
1248,魂不附体 
1249,魂飞魄散 
1250,魂飞天外 
1251,火 
1252,火急火燎 
1253,火冒三丈 
1254,火烧火燎 
1255,火头上 
1256,饥不择食 
1257,激愤 
1258,讥嘲 
1259,讥刺 
1260,讥讽 
1261,讥讪 
1262,讥诮 
1263,鸡蛋里挑骨头 
1264,极度悲哀 
1265,极度悲伤 
1266,急巴巴 
1267,急急巴巴 
1268,急死 
1269,急眼 
1270,疾 
1271,嫉恨 
1272,悸栗 
1273,忌 
1274,忌惮 
1275,忌恨 
1276,见怪 
1277,见罪 
1278,将心比心 
1279,将信将疑 
1280,焦愁 
1281,焦急 
1282,焦虑 
1283,焦心 
1284,焦炙 
1285,焦灼 
1286,娇羞 
1287,教训 
1288,叫苦 
1289,叫苦不迭 
1290,叫苦连天 
1291,叫骂 
1292,叫嚣 
1293,解气 
1294,借古讽今 
1295,介怀 
1296,介意 
1297,进退两难 
1298,进退维谷 
1299,惊 
1300,惊怖 
1301,惊诧 
1302,惊呆 
1303,惊怪 
1304,惊骇 
1305,惊慌 
1306,惊慌失措 
1307,惊惶 
1308,惊惧 
1309,惊恐 
1310,惊怕 
1311,惊奇 
1312,惊奇不已 
1313,惊叹 
1314,惊讶 
1315,惊疑 
1316,惊异 
1317,惊悚 
1318,惊愕 
1319,窘 
1320,窘迫 
1321,揪心 
1322,疚愧 
1323,拘束 
1324,举棋不定 
1325,沮 
1326,沮丧 
1327,惧 
1328,惧怕 
1329,眷顾 
1330,觉得自己理亏 
1331,绝望 
1332,开炮 
1333,看扁 
1334,看不惯 
1335,看不开 
1336,看不起 
1337,看不上 
1338,看不上眼 
1339,看不顺眼 
1340,看淡 
1341,看低 
1342,看轻 
1343,抗议 
1344,苛察 
1345,苛责 
1346,可怜 
1347,可惜 
1348,恐 
1349,恐慌 
1350,恐惧 
1351,口诛笔伐 
1352,哭丧着脸 
1353,哭笑不得 
1354,苦闷 
1355,苦恼 
1356,苦涩 
1357,宽贷 
1358,宽假 
1359,宽免 
1360,宽赦 
1361,宽恕 
1362,宽宥 
1363,狂怒 
1364,亏心 
1365,愧 
1366,愧对 
1367,愧汗 
1368,愧恨 
1369,愧悔 
1370,愧疚 
1371,愧怍 
1372,愧恧 
1373,愧赧 
1374,困窘 
1375,困迫 
1376,拉不下脸 
1377,拉不下脸来 
1378,拉长个脸 
1379,拉下脸 
1380,拉下脸来 
1381,来火 
1382,来气 
1383,赖 
1384,懒得 
1385,懒洋洋 
1386,劳神 
1387,老羞成怒 
1388,冷嘲热讽 
1389,冷淡 
1390,怜 
1391,怜悯 
1392,怜惜 
1393,怜恤 
1394,脸红脖子粗 
1395,脸红耳热 
1396,脸皮薄 
1397,脸上下不来 
1398,凉 
1399,两难 
1400,亮红灯 
1401,谅 
1402,谅解 
1403,虑 
1404,乱 
1405,乱了方寸 
1406,骂 
1407,骂不绝口 
1408,骂大街 
1409,骂得狗血淋头 
1410,骂得狗血喷头 
1411,骂街 
1412,骂骂咧咧 
1413,骂娘 
1414,骂人 
1415,埋没 
1416,埋汰 
1417,埋怨 
1418,满不在乎 
1419,满脸愁雾 
1420,漫骂 
1421,谩骂 
1422,毛骨悚然 
1423,冒火 
1424,没个好脸 
1425,没精打采 
1426,没意思 
1427,没有好脸 
1428,闷 
1429,闷沉沉 
1430,闷闷 
1431,闷闷不乐 
1432,闷郁 
1433,面斥 
1434,面带怒色 
1435,面带嗔色 
1436,面面相觑 
1437,面如死灰 
1438,面如土色 
1439,面无人色 
1440,面有愧色 
1441,面有难色 
1442,面有愠色 
1443,藐视 
1444,蔑 
1445,蔑视 
1446,民怨沸腾 
1447,悯 
1448,鸣不平 
1449,鸣冤叫屈 
1450,摸不准 
1451,磨不开 
1452,抹不开 
1453,漠然视之 
1454,漠然置之 
1455,漠视 
1456,木然 
1457,目瞪口呆 
1458,纳罕 
1459,难 
1460,难过 
1461,难堪 
1462,难受 
1463,难为情 
1464,恼 
1465,恼恨 
1466,恼火 
1467,恼怒 
1468,恼羞成怒 
1469,闹脾气 
1470,闹情绪 
1471,闹性子 
1472,馁 
1473,内疚 
1474,腻 
1475,腻烦 
1476,腻歪 
1477,腻味 
1478,捏把汗 
1479,捏一把汗 
1480,怒 
1481,怒不可遏 
1482,怒斥 
1483,怒冲冲 
1484,怒发冲冠 
1485,怒喝 
1486,怒火冲天 
1487,怒火中烧 
1488,怒骂 
1489,怒目 
1490,怒气冲冲 
1491,怒气冲天 
1492,怒形于色 
1493,怒叱 
1494,怕 
1495,怕生 
1496,怕羞 
1497,拍案而起 
1498,排揎 
1499,徘徊 
1500,派不是 
1501,旁敲侧击 
1502,抨 
1503,抨击 
1504,批 
1505,批斗 
1506,苶 
1507,皮里阳秋 
1508,屁滚尿流 
1509,偏废 
1510,品头论足 
1511,评头论足 
1512,评头品足 
1513,颇有微词 
1514,破口大骂 
1515,魄散魂飞 
1516,迫不及待 
1517,戚戚 
1518,戚然 
1519,七窍生烟 
1520,凄惶 
1521,凄切 
1522,凄然 
1523,凄酸 
1524,凄婉 
1525,凄怨 
1526,凄恻 
1527,歧视 
1528,骑虎难下 
1529,起疑心 
1530,气 
1531,气昂昂 
1532,气不忿 
1533,气不过 
1534,气不平 
1535,气冲冲 
1536,气冲牛斗 
1537,气短 
1538,气忿 
1539,气忿忿 
1540,气愤 
1541,气愤愤 
1542,气鼓鼓 
1543,气狠狠 
1544,气哼哼 
1545,气呼呼 
1546,气乎乎 
1547,气急败坏 
1548,气恼 
1549,气馁 
1550,气头上 
1551,气汹汹 
1552,牵念 
1553,迁怒 
1554,谴 
1555,谴责 
1556,歉然 
1557,歉甚 
1558,瞧不起 
1559,瞧不上 
1560,瞧不上眼 
1561,切齿 
1562,切齿痛恨 
1563,怯 
1564,怯阵 
1565,轻 
1566,轻忽 
1567,轻看 
1568,轻蔑 
1569,轻视 
1570,清算 
1571,穷极无聊 
1572,饶 
1573,饶人 
1574,饶恕 
1575,惹气 
1576,人身攻击 
1577,忍让 
1578,柔肠百结 
1579,柔肠寸断 
1580,如泣如诉 
1581,如丧考妣 
1582,如鲠在喉 
1583,辱骂 
1584,撒气 
1585,三心二意 
1586,丧胆 
1587,丧魂落魄 
1588,丧气 
1589,丧志 
1590,扫兴 
1591,杀气 
1592,傻眼 
1593,伤 
1594,伤悲 
1595,伤怀 
1596,伤神 
1597,伤心 
1598,慑 
1599,申斥 
1600,申讨 
1601,申饬 
1602,深恶痛绝 
1603,深以为异 
1604,声讨 
1605,生恐 
1606,生怕 
1607,生气 
1608,生疑 
1609,失悔 
1610,失节 
1611,失神 
1612,失望 
1613,失意 
1614,使性子 
1615,示不满 
1616,示不同意 
1617,示怒 
1618,势成骑虎 
1619,视同儿戏 
1620,视同蝼蚁 
1621,首鼠两端 
1622,受窘 
1623,疏 
1624,数落 
1625,数说 
1626,恕 
1627,恕宥 
1628,说 
1629,说不 
1630,说风凉话 
1631,说怪话 
1632,酸 
1633,酸楚 
1634,酸溜溜 
1635,缩头缩脑 
1636,谈虎色变 
1637,讨 
1638,讨厌 
1639,提心吊胆 
1640,啼笑皆非 
1641,体谅 
1642,体念 
1643,体惜 
1644,体恤 
1645,天怒人怨 
1646,挑刺儿 
1647,挑毛病 
1648,同病相怜 
1649,同情 
1650,痛 
1651,痛不欲生 
1652,痛斥 
1653,痛恶 
1654,痛恨 
1655,痛骂 
1656,痛惜 
1657,痛心 
1658,痛心疾首 
1659,痛责 
1660,投诉 
1661,兔死狐悲 
1662,颓 
1663,颓废 
1664,颓靡 
1665,颓然 
1666,颓丧 
1667,颓唐 
1668,唾骂 
1669,挖苦 
1670,玩 
1671,玩忽 
1672,玩世不恭 
1673,惋 
1674,惋惜 
1675,万箭穿心 
1676,万念俱灰 
1677,往心里去 
1678,望而生畏 
1679,微愠 
1680,唯恐 
1681,惟恐 
1682,为难 
1683,萎靡 
1684,委决不下 
1685,委靡 
1686,委屈 
1687,委罪 
1688,畏 
1689,畏忌 
1690,畏惧 
1691,畏葸 
1692,闻风丧胆 
1693,问心有愧 
1694,窝火 
1695,窝囊 
1696,窝气 
1697,窝心 
1698,无地自容 
1699,无精打采 
1700,无聊 
1701,无名火起 
1702,无视 
1703,无所谓 
1704,无心 
1705,无意 
1706,物伤其类 
1707,惜 
1708,系 
1709,系念 
1710,戏侮 
1711,下不来台 
1712,下不了台 
1713,衔恨 
1714,衔冤 
1715,嫌 
1716,嫌恶 
1717,嫌弃 
1718,嫌厌 
1719,嫌憎 
1720,想不开 
1721,向 ... 问罪 
1722,向隅 
1723,向隅而泣 
1724,消沉 
1725,小看 
1726,小瞧 
1727,小视 
1728,笑骂 
1729,泄劲 
1730,泄气 
1731,心胆俱裂 
1732,心烦 
1733,心烦意乱 
1734,心寒 
1735,心灰意懒 
1736,心灰意冷 
1737,心急 
1738,心急火燎 
1739,心急如焚 
1740,心急如火 
1741,心焦 
1742,心焦如焚 
1743,心惊胆颤 
1744,心惊胆战 
1745,心惊肉跳 
1746,心里堵得慌 
1747,心情沉重 
1748,心如刀割 
1749,心如刀绞 
1750,心如死灰 
1751,心酸 
1752,心碎 
1753,心疼 
1754,心痛 
1755,心虚 
1756,心绪沉落 
1757,心有余悸 
1758,杏眼圆睁 
1759,羞 
1760,羞惭 
1761,羞答答 
1762,羞恶 
1763,羞窘 
1764,羞愧 
1765,羞怯 
1766,羞人 
1767,羞人答答 
1768,羞涩 
1769,羞羞答答 
1770,羞于 
1771,羞臊 
1772,羞赧 
1773,虚惊 
1774,嘘 
1775,恤 
1776,絮烦 
1777,悬 
1778,悬念 
1779,悬系 
1780,悬心 
1781,训斥 
1782,训戒 
1783,训诫 
1784,讶 
1785,讶然 
1786,讶然失色 
1787,讶异 
1788,厌 
1789,厌恶 
1790,厌烦 
1791,厌恨 
1792,厌倦 
1793,厌腻 
1794,厌气 
1795,厌弃 
1796,摇摆 
1797,要紧 
1798,一怒之下 
1799,一气之下 
1800,一怔 
1801,遗憾 
1802,疑 
1803,疑惑 
1804,疑忌 
1805,疑虑 
1806,疑虑重重 
1807,疑神疑鬼 
1808,抑郁 
1809,抑郁寡欢 
1810,意意思思 
1811,义愤 
1812,义愤填膺 
1813,异 
1814,阴郁 
1815,引咎 
1816,引咎自责 
1817,隐忧 
1818,幽忧 
1819,忧 
1820,忧愁 
1821,忧烦 
1822,忧愤 
1823,忧惧 
1824,忧虑 
1825,忧闷 
1826,忧伤 
1827,忧思 
1828,忧心 
1829,忧心如焚 
1830,忧心忡忡 
1831,忧郁 
1832,忧怨 
1833,忧悒 
1834,犹疑 
1835,犹豫 
1836,油煎火燎 
1837,游移 
1838,有愧 
1839,于心有愧 
1840,虞 
1841,郁 
1842,郁闷 
1843,郁郁不乐 
1844,郁郁寡欢 
1845,欲哭无泪 
1846,詟 
1847,原 
1848,原谅 
1849,原宥 
1850,怨 
1851,怨恨 
1852,怨悔 
1853,怨声载道 
1854,怨天尤人 
1855,在乎 
1856,糟心 
1857,责 
1858,责备 
1859,责斥 
1860,责怪 
1861,责骂 
1862,责难 
1863,责怨 
1864,憎 
1865,憎恶 
1866,憎恨 
1867,咋舌 
1868,炸 
1869,瞻前顾后 
1870,战兢兢 
1871,战战兢兢 
1872,张口结舌 
1873,找茬 
1874,找茬儿 
1875,找碴 
1876,找碴儿 
1877,找岔子 
1878,针砭 
1879,震 
1880,震惊 
1881,震怒 
1882,震悚 
1883,睁一眼闭一眼 
1884,睁一只眼闭一只眼 
1885,睁只眼闭只眼 
1886,怔 
1887,怔神儿 
1888,怔怔 
1889,怔住 
1890,怔忪 
1891,直眉瞪眼 
1892,指斥 
1893,指鸡骂狗 
1894,指桑骂槐 
1895,指责 
1896,指摘 
1897,置疑 
1898,置于脑后 
1899,置之不顾 
1900,置之不理 
1901,置之度外 
1902,置之脑后 
1903,质疑 
1904,滞呆 
1905,周恤 
1906,咒 
1907,咒骂 
1908,咒诅 
1909,抓瞎 
1910,椎心泣血 
1911,追悔 
1912,追悔莫及 
1913,着急 
1914,着忙 
1915,自暴自弃 
1916,自惭形秽 
1917,自咎 
1918,自疚 
1919,自馁 
1920,自怨自艾 
1921,自责 
1922,诅 
1923,诅骂 
1924,诅咒 
1925,左右两难 
1926,左右为难 
1927,做贼心虚 
1928,作难 
1929,作色 
1930,倥 
1931,讪讪 
1932,诃 
1933,诘 
1934,诟 
1935,诟病 
1936,诮 
1937,诶 
1938,谇 
1939,谪 
1940,矍 
1941,芴 
1942,菀 
1943,葸 
1944,奚落 
1945,奚幸 
1946,尴尬 
1947,挹 
1948,掎 
1949,掊 
1950,掊击 
1951,摭 
1952,撸 
1953,撺 
1954,叱 
1955,叱骂 
1956,叱责 
1957,哓 
1958,呲 
1959,啧有烦言 
1960,嗔 
1961,嗔斥 
1962,嗔怪 
1963,嗔怒 
1964,嗤之以鼻 
1965,嘀咕 
1966,噍 
1967,彷 
1968,彷徨 
1969,忏 
1970,忏悔 
1971,怃 
1972,怄 
1973,怄气 
1974,忡 
1975,怅 
1976,怅恨 
1977,怅然 
1978,怅然若失 
1979,怅怅 
1980,怅惘 
1981,怆 
1982,怆怳 
1983,怆恍 
1984,怆然 
1985,怆恻 
1986,忪 
1987,忸 
1988,忸怩 
1989,怵 
1990,怵然 
1991,怵头 
1992,怛 
1993,怏 
1994,怏然 
1995,怏然不悦 
1996,怏怏 
1997,怏怏不乐 
1998,怍 
1999,怫 
2000,怫然 
2001,怫然不悦 
2002,怫然作色 
2003,恸 
2004,恻 
2005,恻然 
2006,恻隐 
2007,恂 
2008,悚 
2009,悚然 
2010,悒 
2011,悒闷 
2012,悒郁 
2013,悒郁寡欢 
2014,悒悒不乐 
2015,悛 
2016,悻然 
2017,悻悻 
2018,悻悻然 
2019,惝恍 
2020,惘 
2021,惘然 
2022,惘然若失 
2023,惆 
2024,惆怅 
2025,愠 
2026,愠怒 
2027,愕 
2028,愕然 
2029,愣 
2030,愣神儿 
2031,愣怔 
2032,愣怔怔 
2033,愣住 
2034,惴 
2035,愀 
2036,慊 
2037,憷 
2038,憷头 
2039,懔 
2040,忝 
2041,闵 
2042,渎 
2043,宥 
2044,骞 
2045,娆 
2046,嬉笑怒骂 
2047,槁木死灰 
2048,殚 
2049,轸 
2050,戟指 
2051,腼腆 
2052,膈应 
2053,臊 
2054,恝置 
2055,恚 
2056,恚愤 
2057,恚恨 
2058,恚怒 
2059,恧 
2060,愍 
2061,憝 
2062,懑 
2063,瞠目结舌 
2064,瞠然 
2065,詈 
2066,詈骂 
2067,瘅 
2068,竦 
2069,矜 
2070,赧 
2071,赧然 
2072,赧颜 
2073,踟 
2074,踟躇 
2075,踟蹰 
2076,踟蹰不前 
2077,蹰 
2078,觖 
2079,觖望 
2080,訾议 
2081,黯然神伤 
2082,黯然销魂 
2083,威胁
2084,欺骗
